window,n,dof,confidence,c0,c1,r2,s_resid,tcrit,growth_base,growth_base_ci_lo,growth_base_ci_hi
online,15,13,0.95,-0.10595976111891127,0.789280291734116,0.9301098577270455,0.32867074444959005,2.1603686564627913,6.155740332865124,4.5671312836300855,8.296923537425418
outage,5,3,0.95,-0.10176882445232673,0.547819248950393,0.9736767513251834,0.16445194105069919,3.1824463052837078,3.530362074229184,2.411673172091423,5.167970734752328
